observation_date,IRLTLT01IEM156N
1990-01-01,9.85465607476635519
1990-02-01,10.60645457943925152
1990-03-01,11.12458598130841203
1990-04-01,10.55565738317757152
1990-05-01,10.36262803738317650
1990-06-01,10.18991757009346166
1990-07-01,9.83433719626168390
1990-08-01,10.46422242990654361
1990-09-01,10.91123775700934573
1990-10-01,10.63693289719626378
1990-11-01,10.50486018691589152
1990-12-01,10.21023644859813118
1991-01-01,10.21023644859813118
1991-02-01,9.74290224299065599
1991-03-01,9.49907570093457920
1991-04-01,9.48891626168224356
1991-05-01,9.40764074766355129
1991-06-01,9.33652467289719645
1991-07-01,9.54987289719626453
1991-08-01,9.49907570093457920
1991-09-01,9.43811906542056178
1991-10-01,9.36700299065420872
1991-11-01,9.36700299065420872
1991-12-01,9.37716242990654436
1992-01-01,9.00126317757009708
1992-02-01,8.90982822429907095
1992-03-01,9.13333588785047112
1992-04-01,9.09269813084112322
1992-05-01,8.96062542056075095
1992-06-01,9.13333588785047112
1992-07-01,9.36700299065420872
1992-08-01,9.37716242990654436
1992-09-01,10.09848261682243020
1992-10-01,9.69210504672897244
1992-11-01,10.54549794392523587
1992-12-01,10.27119308411215037
1993-01-01,9.87550000000000061
1993-02-01,9.26249999999999929
1993-03-01,8.61950000000000038
1993-04-01,8.11350000000000016
1993-05-01,7.83190000000000008
1993-06-01,7.60670000000000002
1993-07-01,7.32089999999999996
1993-08-01,7.11050000000000004
1993-09-01,7.00549999999999962
1993-10-01,6.70809999999999995
1993-11-01,6.56550000000000011
1993-12-01,6.37999999999999989
1994-01-01,6.15099999999999980
1994-02-01,6.44650000000000034
1994-03-01,7.07409999999999961
1994-04-01,7.57319999999999993
1994-05-01,7.96379999999999999
1994-06-01,8.50189999999999912
1994-07-01,8.34329999999999927
1994-08-01,8.43410000000000082
1994-09-01,8.81550000000000011
1994-10-01,8.68249999999999922
1994-11-01,8.51229999999999976
1994-12-01,8.56840000000000046
1995-01-01,8.78999999999999915
1995-02-01,8.67450000000000010
1995-03-01,8.79550000000000054
1995-04-01,8.69669999999999987
1995-05-01,8.33730000000000082
1995-06-01,8.25569999999999915
1995-07-01,8.39329999999999998
1995-08-01,8.14729999999999954
1995-09-01,7.95859999999999967
1995-10-01,7.98709999999999987
1995-11-01,7.63180000000000014
1995-12-01,7.37500000000000000
1996-01-01,7.23230000000000040
1996-02-01,7.49099999999999966
1996-03-01,7.81850000000000023
1996-04-01,7.60550000000000015
1996-05-01,7.49640000000000040
1996-06-01,7.62420000000000009
1996-07-01,7.49390000000000001
1996-08-01,7.43050000000000033
1996-09-01,7.21480000000000032
1996-10-01,6.77590000000000003
1996-11-01,6.68430000000000035
1996-12-01,6.61259999999999959
1997-01-01,6.58999999999999986
1997-02-01,6.32549999999999990
1997-03-01,6.62169999999999970
1997-04-01,6.69050000000000011
1997-05-01,6.55330000000000013
1997-06-01,6.49150000000000027
1997-07-01,6.25870000000000015
1997-08-01,6.33000000000000007
1997-09-01,6.10320000000000018
1997-10-01,5.99450000000000038
1997-11-01,5.97799999999999976
1997-12-01,5.60649999999999959
1998-01-01,5.34759999999999991
1998-02-01,5.22700000000000031
1998-03-01,5.07899999999999974
1998-04-01,5.04800000000000004
1998-05-01,5.13849999999999962
1998-06-01,5.02709999999999990
1998-07-01,4.92520000000000024
1998-08-01,4.67550000000000043
1998-09-01,4.38499999999999979
1998-10-01,4.34860000000000024
1998-11-01,4.32240000000000002
1998-12-01,4.01799999999999979
1999-01-01,3.89150000000000018
1999-02-01,4.02350000000000030
1999-03-01,4.18780000000000019
1999-04-01,3.94680000000000009
1999-05-01,4.18189999999999973
1999-06-01,4.58549999999999969
1999-07-01,4.94090000000000007
1999-08-01,5.15639999999999965
1999-09-01,5.33549999999999969
1999-10-01,5.57449999999999957
1999-11-01,5.30679999999999996
1999-12-01,5.40299999999999958
2000-01-01,5.79999999999999982
2000-02-01,5.75999999999999979
2000-03-01,5.58000000000000007
2000-04-01,5.45999999999999996
2000-05-01,5.61000000000000032
2000-06-01,5.42999999999999972
2000-07-01,5.51999999999999957
2000-08-01,5.46999999999999975
2000-09-01,5.51999999999999957
2000-10-01,5.45999999999999996
2000-11-01,5.40000000000000036
2000-12-01,5.13999999999999968
2001-01-01,5.03000000000000025
2001-02-01,5.00999999999999979
2001-03-01,4.91999999999999993
2001-04-01,5.08999999999999986
2001-05-01,5.28000000000000025
2001-06-01,5.23000000000000043
2001-07-01,5.23000000000000043
2001-08-01,5.00999999999999979
2001-09-01,5.00999999999999979
2001-10-01,4.76999999999999957
2001-11-01,4.62999999999999989
2001-12-01,4.92999999999999972
2002-01-01,5.01999999999999957
2002-02-01,5.20000000000000018
2002-03-01,5.41999999999999993
2002-04-01,5.41000000000000014
2002-05-01,5.41000000000000014
2002-06-01,5.25000000000000000
2002-07-01,5.11000000000000032
2002-08-01,4.83999999999999986
2002-09-01,4.62999999999999989
2002-10-01,4.70000000000000018
2002-11-01,4.66999999999999993
2002-12-01,4.45999999999999996
2003-01-01,4.26999999999999957
2003-02-01,4.05999999999999961
2003-03-01,4.08999999999999986
2003-04-01,4.21999999999999975
2003-05-01,3.89000000000000012
2003-06-01,3.68999999999999995
2003-07-01,4.00999999999999979
2003-08-01,4.16999999999999993
2003-09-01,4.19000000000000039
2003-10-01,4.25000000000000000
2003-11-01,4.38999999999999968
2003-12-01,4.36000000000000032
2004-01-01,4.20000000000000018
2004-02-01,4.15000000000000036
2004-03-01,3.97000000000000020
2004-04-01,4.16999999999999993
2004-05-01,4.30999999999999961
2004-06-01,4.37999999999999989
2004-07-01,4.26999999999999957
2004-08-01,4.08999999999999986
2004-09-01,4.04000000000000004
2004-10-01,3.91999999999999993
2004-11-01,3.79999999999999982
2004-12-01,3.62000000000000011
2005-01-01,3.52000000000000002
2005-02-01,3.50999999999999979
2005-03-01,3.66000000000000014
2005-04-01,3.45999999999999996
2005-05-01,3.27999999999999980
2005-06-01,3.12999999999999989
2005-07-01,3.18000000000000016
2005-08-01,3.22000000000000020
2005-09-01,3.04000000000000004
2005-10-01,3.18999999999999995
2005-11-01,3.39999999999999991
2005-12-01,3.35999999999999988
2006-01-01,3.31999999999999984
2006-02-01,3.47000000000000020
2006-03-01,3.64999999999999991
2006-04-01,3.89999999999999991
2006-05-01,3.95999999999999996
2006-06-01,3.97999999999999998
2006-07-01,4.00000000000000000
2006-08-01,3.87999999999999989
2006-09-01,3.75999999999999979
2006-10-01,3.77999999999999980
2006-11-01,3.72000000000000020
2006-12-01,3.75999999999999979
2007-01-01,4.04000000000000004
2007-02-01,4.07000000000000028
2007-03-01,3.97000000000000020
2007-04-01,4.19000000000000039
2007-05-01,4.32000000000000028
2007-06-01,4.62000000000000011
2007-07-01,4.58999999999999986
2007-08-01,4.40000000000000036
2007-09-01,4.32000000000000028
2007-10-01,4.38999999999999968
2007-11-01,4.30999999999999961
2007-12-01,4.45000000000000018
2008-01-01,4.25000000000000000
2008-02-01,4.20999999999999996
2008-03-01,4.16999999999999993
2008-04-01,4.44000000000000039
2008-05-01,4.58000000000000007
2008-06-01,4.91000000000000014
2008-07-01,4.91999999999999993
2008-08-01,4.58999999999999986
2008-09-01,4.55999999999999961
2008-10-01,4.54999999999999982
2008-11-01,4.55999999999999961
2008-12-01,4.57000000000000028
2009-01-01,5.20000000000000018
2009-02-01,5.65000000000000036
2009-03-01,5.75999999999999979
2009-04-01,5.33999999999999986
2009-05-01,5.26999999999999957
2009-06-01,5.73000000000000043
2009-07-01,5.45000000000000018
2009-08-01,4.91999999999999993
2009-09-01,4.91000000000000014
2009-10-01,4.76999999999999957
2009-11-01,4.82000000000000028
2009-12-01,4.87999999999999989
2010-01-01,4.83000000000000007
2010-02-01,4.73000000000000043
2010-03-01,4.53000000000000025
2010-04-01,4.75999999999999979
2010-05-01,4.86000000000000032
2010-06-01,5.30999999999999961
2010-07-01,5.32000000000000028
2010-08-01,5.29999999999999982
2010-09-01,6.13999999999999968
2010-10-01,6.41999999999999993
2010-11-01,8.22000000000000064
2010-12-01,8.44999999999999929
2011-01-01,8.75000000000000000
2011-02-01,9.09999999999999964
2011-03-01,9.66999999999999993
2011-04-01,9.78999999999999915
2011-05-01,10.64000000000000057
2011-06-01,11.42999999999999972
2011-07-01,12.44999999999999929
2011-08-01,9.57000000000000028
2011-09-01,8.50999999999999979
2011-10-01,8.09999999999999964
2011-11-01,8.50999999999999979
2011-12-01,8.69999999999999929
2012-01-01,7.70999999999999996
2012-02-01,7.01999999999999957
2012-03-01,6.90000000000000036
2012-04-01,6.87999999999999989
2012-05-01,7.12000000000000011
2012-06-01,7.08999999999999986
2012-07-01,6.12000000000000011
2012-08-01,5.91000000000000014
2012-09-01,5.28000000000000025
2012-10-01,4.76999999999999957
2012-11-01,4.58999999999999986
2012-12-01,4.66999999999999993
2013-01-01,4.17999999999999972
2013-02-01,3.77999999999999980
2013-03-01,3.83000000000000007
2013-04-01,3.77999999999999980
2013-05-01,3.47999999999999998
2013-06-01,4.01999999999999957
2013-07-01,3.87999999999999989
2013-08-01,3.91999999999999993
2013-09-01,3.95000000000000018
2013-10-01,3.64999999999999991
2013-11-01,3.52999999999999980
2013-12-01,3.47999999999999998
2014-01-01,3.39000000000000012
2014-02-01,3.24000000000000021
2014-03-01,3.04999999999999982
2014-04-01,2.89999999999999991
2014-05-01,2.70999999999999996
2014-06-01,2.43999999999999995
2014-07-01,2.27999999999999980
2014-08-01,2.02000000000000002
2014-09-01,1.75000000000000000
2014-10-01,1.73999999999999999
2014-11-01,1.58000000000000007
2014-12-01,1.31000000000000005
2015-01-01,1.21999999999999997
2015-02-01,1.12000000000000011
2015-03-01,0.80000000000000004
2015-04-01,0.72999999999999998
2015-05-01,1.25000000000000000
2015-06-01,1.64999999999999991
2015-07-01,1.46999999999999997
2015-08-01,1.29000000000000004
2015-09-01,1.31000000000000005
2015-10-01,1.13999999999999990
2015-11-01,1.10000000000000009
2015-12-01,1.11000000000000010
2016-01-01,1.05000000000000004
2016-02-01,0.98999999999999999
2016-03-01,0.84999999999999998
2016-04-01,0.85999999999999999
2016-05-01,0.83999999999999997
2016-06-01,0.76000000000000001
2016-07-01,0.46999999999999997
2016-08-01,0.40000000000000002
2016-09-01,0.41999999999999998
2016-10-01,0.50000000000000000
2016-11-01,0.84999999999999998
2016-12-01,0.83999999999999997
2017-01-01,0.98999999999999999
2017-02-01,1.06000000000000005
2017-03-01,1.05000000000000004
2017-04-01,0.91000000000000003
2017-05-01,0.82999999999999996
2017-06-01,0.69999999999999996
2017-07-01,0.87000000000000000
2017-08-01,0.72999999999999998
2017-09-01,0.69999999999999996
2017-10-01,0.66000000000000003
2017-11-01,0.57999999999999996
2017-12-01,0.54000000000000004
2018-01-01,0.91259999999999997
2018-02-01,1.13280000000000003
2018-03-01,1.00560000000000005
2018-04-01,0.94350000000000001
2018-05-01,0.98209999999999997
2018-06-01,0.92400000000000004
2018-07-01,0.82709999999999995
2018-08-01,0.86180000000000001
2018-09-01,0.93269999999999997
2018-10-01,1.00819999999999999
2018-11-01,0.98270000000000002
2018-12-01,0.90900000000000003
2019-01-01,0.93510000000000004
2019-02-01,0.84360000000000002
2019-03-01,0.66830000000000001
2019-04-01,0.55959999999999999
2019-05-01,0.49950000000000000
2019-06-01,0.26640000000000003
2019-07-01,0.13550000000000001
2019-08-01,-0.05050000000000000
2019-09-01,-0.01040000000000000
2019-10-01,0.01610000000000000
2019-11-01,0.07220000000000000
2019-12-01,0.03730000000000000
2020-01-01,0.00410000000000000
2020-02-01,-0.13120000000000001
2020-03-01,0.06870000000000000
2020-04-01,0.20119999999999999
2020-05-01,0.10720000000000000
2020-06-01,0.08350000000000000
2020-07-01,-0.04730000000000000
2020-08-01,-0.12189999999999999
2020-09-01,-0.13310000000000000
2020-10-01,-0.22239999999999999
2020-11-01,-0.25100000000000000
2020-12-01,-0.29030000000000000
2021-01-01,-0.24179999999999999
2021-02-01,-0.05510000000000000
2021-03-01,0.02760000000000000
2021-04-01,0.08199999999999991
2021-05-01,0.23719999999999999
2021-06-01,0.17870000000000000
2021-07-01,0.03090000000000000
2021-08-01,-0.07880000000000000
2021-09-01,0.06740000000000000
2021-10-01,0.22239999999999999
2021-11-01,0.18759999999999999
2021-12-01,0.09980000000000000
2022-01-01,0.38030000000000003
2022-02-01,0.77510000000000001
2022-03-01,0.92930000000000001
2022-04-01,1.40209999999999990
2022-05-01,1.62749999999999995
2022-06-01,2.12900000000000000
2022-07-01,1.74380000000000002
2022-08-01,1.71269999999999989
2022-09-01,2.41800000000000015
2022-10-01,2.70929999999999982
2022-11-01,2.53410000000000002
2022-12-01,2.58619999999999983
2023-01-01,2.65459999999999985
2023-02-01,2.85679999999999978
2023-03-01,2.85650000000000004
2023-04-01,2.77130000000000010
2023-05-01,2.78609999999999980
2023-06-01,2.77800000000000002
2023-07-01,2.89899999999999958
2023-08-01,2.96439999999999992
2023-09-01,3.08699999999999974
2023-10-01,3.27190000000000003
2023-11-01,3.00899999999999990
2023-12-01,2.46479999999999988
2024-01-01,2.59900000000000020
2024-02-01,2.78040000000000020
2024-03-01,2.75399999999999956
2024-04-01,2.88779999999999992
2024-05-01,2.91409999999999991
2024-06-01,2.92870000000000008
2024-07-01,2.85869999999999980
2024-08-01,2.63700000000000001
2024-09-01,2.54570000000000007
2024-10-01,2.58879999999999999
2024-11-01,2.62619999999999987
2024-12-01,2.49060000000000015
2025-01-01,2.78899999999999970
2025-02-01,2.71640000000000015
2025-03-01,3.04870000000000019
2025-04-01,2.89809999999999990
2025-05-01,2.88770000000000016
2025-06-01,2.85020000000000007
2025-07-01,2.92320000000000002
2025-08-01,2.94479999999999986
2025-09-01,2.94600000000000017
