observation_date,ESPCPIALLMINMEI
1990-01-01,47.4196700000000035
1990-02-01,47.7205799999999982
1990-03-01,47.8952600000000004
1990-04-01,48.0040900000000050
1990-05-01,48.0002799999999965
1990-06-01,48.1482900000000029
1990-07-01,48.7952799999999982
1990-08-01,49.0091400000000021
1990-09-01,49.5249900000000025
1990-10-01,49.9646699999999981
1990-11-01,49.9146100000000033
1990-12-01,50.0375900000000016
1991-01-01,50.6198300000000003
1991-02-01,50.5490899999999996
1991-03-01,50.7134199999999993
1991-04-01,50.8233499999999978
1991-05-01,50.9675399999999996
1991-06-01,51.1144699999999972
1991-07-01,51.7489500000000007
1991-08-01,51.9410400000000010
1991-09-01,52.3654700000000020
1991-10-01,52.6946900000000014
1991-11-01,52.7746799999999965
1991-12-01,52.8035199999999918
1992-01-01,53.6404199999999989
1992-02-01,53.9979299999999967
1992-03-01,54.1932800000000015
1992-04-01,54.1350600000000028
1992-05-01,54.2765399999999971
1992-06-01,54.2661999999999978
1992-07-01,54.4425000000000026
1992-08-01,54.9387699999999981
1992-09-01,55.3920499999999976
1992-10-01,55.4252499999999984
1992-11-01,55.4606199999999987
1992-12-01,55.6271300000000082
1993-01-01,56.1484300000000047
1993-02-01,56.1663799999999966
1993-03-01,56.3639099999999971
1993-04-01,56.6109500000000025
1993-05-01,56.7671300000000016
1993-06-01,56.9080599999999990
1993-07-01,57.1115799999999965
1993-08-01,57.4532999999999987
1993-09-01,57.7781599999999997
1993-10-01,57.9936500000000024
1993-11-01,58.0910500000000027
1993-12-01,58.3669399999999996
1994-01-01,58.9568000000000012
1994-02-01,58.9780199999999937
1994-03-01,59.1728300000000047
1994-04-01,59.4057199999999952
1994-05-01,59.5270699999999948
1994-06-01,59.5912800000000047
1994-07-01,59.8247199999999921
1994-08-01,60.2110699999999923
1994-09-01,60.3944499999999991
1994-10-01,60.5255900000000011
1994-11-01,60.6306099999999972
1994-12-01,60.8983400000000046
1995-01-01,61.5295500000000004
1995-02-01,61.8310199999999952
1995-03-01,62.1912400000000005
1995-04-01,62.5210000000000008
1995-05-01,62.5460300000000018
1995-06-01,62.6053400000000053
1995-07-01,62.6151399999999967
1995-08-01,62.7919900000000055
1995-09-01,63.0390400000000000
1995-10-01,63.1565699999999950
1995-11-01,63.3241699999999952
1995-12-01,63.5287699999999944
1996-01-01,63.9172999999999973
1996-02-01,64.0914199999999994
1996-03-01,64.3188899999999961
1996-04-01,64.6840100000000007
1996-05-01,64.9071100000000030
1996-06-01,64.8526999999999987
1996-07-01,64.9392199999999917
1996-08-01,65.1231400000000065
1996-09-01,65.2820400000000092
1996-10-01,65.3712799999999987
1996-11-01,65.3750800000000112
1996-12-01,65.5687999999999960
1997-01-01,65.7592499999999944
1997-02-01,65.7146400000000028
1997-03-01,65.7472800000000035
1997-04-01,65.7712199999999996
1997-05-01,65.8670000000000044
1997-06-01,65.8648199999999946
1997-07-01,65.9856300000000005
1997-08-01,66.2767400000000038
1997-09-01,66.6048699999999911
1997-10-01,66.5803800000000052
1997-11-01,66.7126099999999980
1997-12-01,66.8900100000000037
1998-01-01,67.0478099999999984
1998-02-01,66.8910900000000055
1998-03-01,66.9221100000000035
1998-04-01,67.0880700000000019
1998-05-01,67.1756799999999998
1998-06-01,67.2192199999999929
1998-07-01,67.4673499999999962
1998-08-01,67.6480099999999993
1998-09-01,67.6980700000000013
1998-10-01,67.7040599999999984
1998-11-01,67.6431099999999930
1998-12-01,67.8302999999999940
1999-01-01,68.0795200000000023
1999-02-01,68.1197900000000089
1999-03-01,68.4201699999999988
1999-04-01,68.6731900000000053
1999-05-01,68.6710199999999986
1999-06-01,68.6857100000000003
1999-07-01,68.9833600000000047
1999-08-01,69.2772099999999966
1999-09-01,69.4105199999999911
1999-10-01,69.3843999999999994
1999-11-01,69.4959599999999966
1999-12-01,69.8093900000000076
2000-01-01,70.0390199999999936
2000-02-01,70.1380500000000069
2000-03-01,70.4161100000000033
2000-04-01,70.7088699999999903
2000-05-01,70.8264099999999956
2000-06-01,71.0408000000000044
2000-07-01,71.4723199999999963
2000-08-01,71.7721499999999963
2000-09-01,71.9577000000000027
2000-10-01,72.1416199999999890
2000-11-01,72.3212000000000046
2000-12-01,72.5715000000000003
2001-01-01,72.5970800000000054
2001-02-01,72.8354199999999992
2001-03-01,73.1423300000000012
2001-04-01,73.5221400000000216
2001-05-01,73.8002000000000038
2001-06-01,74.0488800000000111
2001-07-01,74.2306300000000050
2001-08-01,74.4102000000000032
2001-09-01,74.4004099999999937
2001-10-01,74.3225900000000053
2001-11-01,74.2670899999999961
2001-12-01,74.5364500000000021
2002-01-01,74.4340199999999896
2002-02-01,74.4982499999999987
2002-03-01,75.1138100000000009
2002-04-01,76.1340300000000099
2002-05-01,76.4080799999999982
2002-06-01,76.4112900000000224
2002-07-01,75.8813800000000214
2002-08-01,76.0986999999999938
2002-09-01,76.3834599999999995
2002-10-01,77.1403300000000058
2002-11-01,77.2591599999999943
2002-12-01,77.5160800000000023
2003-01-01,77.1970699999999965
2003-02-01,77.3608600000000024
2003-03-01,77.8971900000000090
2003-04-01,78.5309400000000011
2003-05-01,78.4581500000000034
2003-06-01,78.5105999999999966
2003-07-01,78.0181599999999946
2003-08-01,78.3767899999999997
2003-09-01,78.6101699999999965
2003-10-01,79.1400800000000118
2003-11-01,79.3980800000000215
2003-12-01,79.5340300000000013
2004-01-01,78.9762900000000059
2004-02-01,79.0126900000000063
2004-03-01,79.5640099999999961
2004-04-01,80.6538099999999929
2004-05-01,81.1291300000000035
2004-06-01,81.2575900000000217
2004-07-01,80.6409599999999784
2004-08-01,80.9974500000000006
2004-09-01,81.1419700000000006
2004-10-01,81.9759099999999989
2004-11-01,82.1814600000000013
2004-12-01,82.1011699999999962
2005-01-01,81.4096100000000007
2005-02-01,81.6205000000000069
2005-03-01,82.2660300000000007
2005-04-01,83.4510999999999967
2005-05-01,83.6106199999999973
2005-06-01,83.8054499999999933
2005-07-01,83.2926700000000011
2005-08-01,83.6587899999999962
2005-09-01,84.1726500000000044
2005-10-01,84.8567099999999783
2005-11-01,84.9851799999999997
2005-12-01,85.1682399999999973
2006-01-01,84.8224599999999782
2006-02-01,84.8631400000000014
2006-03-01,85.4637099999999776
2006-04-01,86.6691199999999782
2006-05-01,86.9817199999999957
2006-06-01,87.1133999999999986
2006-07-01,86.5952499999999930
2006-08-01,86.7719000000000023
2006-09-01,86.6295199999999994
2006-10-01,86.9849300000000056
2006-11-01,87.2001000000000062
2006-12-01,87.4388399999999990
2007-01-01,86.8511099999999772
2007-02-01,86.9099999999999966
2007-03-01,87.5694400000000002
2007-04-01,88.7791399999999982
2007-05-01,89.0232199999999949
2007-06-01,89.1870100000000008
2007-07-01,88.5371999999999986
2007-08-01,88.6592399999999969
2007-09-01,88.9504199999999940
2007-10-01,90.1033900000000045
2007-11-01,90.7489199999999983
2007-12-01,91.1289500000000032
2008-01-01,90.5647900000000021
2008-02-01,90.7060900000000032
2008-03-01,91.5111299999999943
2008-04-01,92.4960300000000046
2008-05-01,93.1201400000000064
2008-06-01,93.6564800000000020
2008-07-01,93.2068600000000060
2008-08-01,93.0066699999999997
2008-09-01,92.9873999999999938
2008-10-01,93.3074900000000014
2008-11-01,92.9113899999999973
2008-12-01,92.4350100000000054
2009-01-01,91.2959599999999938
2009-02-01,91.3055999999999983
2009-03-01,91.4554700000000054
2009-04-01,92.3482900000000058
2009-05-01,92.3161800000000028
2009-06-01,92.7229800000000068
2009-07-01,91.9307900000000018
2009-08-01,92.2519499999999937
2009-09-01,92.0346200000000039
2009-10-01,92.6908600000000007
2009-11-01,93.1929399999999930
2009-12-01,93.1693900000000070
2010-01-01,92.2348199999999991
2010-02-01,92.0667399999999958
2010-03-01,92.7497400000000027
2010-04-01,93.7378400000000056
2010-05-01,93.9455300000000051
2010-06-01,94.1135900000000021
2010-07-01,93.6918000000000006
2010-08-01,93.9283899999999932
2010-09-01,93.9937000000000040
2010-10-01,94.8522600000000011
2010-11-01,95.3671899999999937
2010-12-01,95.9527700000000010
2011-01-01,95.2505000000000024
2011-02-01,95.3714700000000022
2011-03-01,96.0844400000000007
2011-04-01,97.2802300000000031
2011-05-01,97.2481099999999969
2011-06-01,97.1110800000000012
2011-07-01,96.5897400000000061
2011-08-01,96.7096300000000042
2011-09-01,96.9462199999999967
2011-10-01,97.7105799999999931
2011-11-01,98.1066699999999940
2011-12-01,98.2340700000000027
2012-01-01,97.1539099999999962
2012-02-01,97.2545300000000026
2012-03-01,97.9086300000000023
2012-04-01,99.2842600000000033
2012-05-01,99.1376000000000062
2012-06-01,98.9523899999999941
2012-07-01,98.7211599999999976
2012-08-01,99.2767599999999959
2012-09-01,100.2541999999999973
2012-10-01,101.1063000000000045
2012-11-01,100.9810999999999979
2012-12-01,101.0516999999999967
2013-01-01,99.7606499999999983
2013-02-01,99.9330099999999959
2013-03-01,100.2852000000000032
2013-04-01,100.6598999999999933
2013-05-01,100.8451000000000022
2013-06-01,100.9938999999999965
2013-07-01,100.4724999999999966
2013-08-01,100.7850999999999999
2013-09-01,100.5966999999999985
2013-10-01,101.0057000000000045
2013-11-01,101.2155000000000058
2013-12-01,101.3064999999999998
2014-01-01,99.9586900000000043
2014-02-01,99.9158699999999982
2014-03-01,100.1384999999999934
2014-04-01,101.0292000000000030
2014-05-01,101.0528000000000048
2014-06-01,101.0806000000000040
2014-07-01,100.1299999999999955
2014-08-01,100.2883999999999958
2014-09-01,100.4415000000000049
2014-10-01,100.9093000000000018
2014-11-01,100.8387000000000029
2014-12-01,100.2510000000000048
2015-01-01,98.6397999999999939
2015-02-01,98.8431999999999960
2015-03-01,99.4737499999999955
2015-04-01,100.3880000000000052
2015-05-01,100.8675999999999959
2015-06-01,101.1373999999999995
2015-07-01,100.1984999999999957
2015-08-01,99.8655600000000021
2015-09-01,99.5583199999999948
2015-10-01,100.1963999999999970
2015-11-01,100.5625000000000000
2015-12-01,100.2690999999999946
2016-01-01,98.3561100000000010
2016-02-01,98.0092599999999976
2016-03-01,98.6376599999999968
2016-04-01,99.3292200000000065
2016-05-01,99.8719799999999935
2016-06-01,100.3333999999999975
2016-07-01,99.6032799999999980
2016-08-01,99.7317400000000021
2016-09-01,99.7360199999999963
2016-10-01,100.8760999999999939
2016-11-01,101.2423000000000002
2016-12-01,101.8418000000000063
2017-01-01,101.2818999999999932
2017-02-01,100.9179000000000030
2017-03-01,100.8965000000000032
2017-04-01,101.8653000000000048
2017-05-01,101.8042999999999978
2017-06-01,101.8482000000000056
2017-07-01,101.1458999999999975
2017-08-01,101.3472000000000008
2017-09-01,101.5237999999999943
2017-10-01,102.4604999999999961
2017-11-01,102.9282999999999930
2017-12-01,102.9744000000000028
2018-01-01,101.8641999999999967
2018-02-01,102.0013000000000005
2018-03-01,102.1212000000000018
2018-04-01,102.9646999999999935
2018-05-01,103.8928999999999974
2018-06-01,104.1647999999999996
2018-07-01,103.4175999999999931
2018-08-01,103.5652999999999935
2018-09-01,103.8179999999999978
2018-10-01,104.7781999999999982
2018-11-01,104.6637000000000057
2018-12-01,104.1937000000000069
2019-01-01,102.8619999999999948
2019-02-01,103.1135000000000019
2019-03-01,103.4872000000000014
2019-04-01,104.5309000000000026
2019-05-01,104.7343000000000046
2019-06-01,104.6111999999999966
2019-07-01,103.9625000000000057
2019-08-01,103.9047000000000054
2019-09-01,103.9047000000000054
2019-10-01,104.9131000000000000
2019-11-01,105.0908000000000015
2019-12-01,105.0147999999999939
2020-01-01,103.9903000000000048
2020-02-01,103.8671999999999969
2020-03-01,103.4689999999999941
2020-04-01,103.7815999999999974
2020-05-01,103.7750999999999948
2020-06-01,104.2536999999999949
2020-07-01,103.3179999999999978
2020-08-01,103.3650999999999982
2020-09-01,103.5203999999999951
2020-10-01,104.0641999999999996
2020-11-01,104.2343999999999937
2020-12-01,104.4560000000000031
2021-01-01,104.4655999999999949
2021-02-01,103.8500999999999976
2021-03-01,104.8573999999999984
2021-04-01,106.0949999999999989
2021-05-01,106.5948999999999955
2021-06-01,107.1022999999999996
2021-07-01,106.2951999999999941
2021-08-01,106.7780000000000058
2021-09-01,107.6687000000000012
2021-10-01,109.6491000000000042
2021-11-01,109.9842000000000013
2021-12-01,111.2977999999999952
2022-01-01,110.8717000000000041
2022-02-01,111.7667000000000002
2022-03-01,115.1526999999999958
2022-04-01,114.9483000000000033
2022-05-01,115.8978000000000037
2022-06-01,118.0443000000000069
2022-07-01,117.7433999999999941
2022-08-01,118.0421000000000049
2022-09-01,117.2210000000000036
2022-10-01,117.6149999999999949
2022-11-01,117.4736999999999938
2022-12-01,117.6503000000000014
2023-01-01,117.4030000000000058
2023-02-01,118.5109999999999957
2023-03-01,118.9478000000000009
2023-04-01,119.6564999999999941
2023-05-01,119.5986999999999938
2023-06-01,120.2784000000000049
2023-07-01,120.4818000000000069
2023-08-01,121.1294999999999931
2023-09-01,121.3426000000000045
2023-10-01,121.6937000000000069
2023-11-01,121.2698000000000036
2023-12-01,121.2997000000000014
2024-01-01,121.4025000000000034
2024-02-01,121.8338999999999999
2024-03-01,122.7621000000000038
2024-04-01,123.6163999999999987
2024-05-01,123.9418000000000006
2024-06-01,124.4086000000000070
2024-07-01,123.8175999999999988
2024-08-01,123.8679000000000059
2024-09-01,123.1206999999999994
2024-10-01,123.8883000000000010
2024-11-01,124.1923000000000030
2024-12-01,124.7532999999999959
2025-01-01,124.9663000000000039
2025-02-01,125.4565999999999946
2025-03-01,125.5305000000000035
